<?xml version="1.0" encoding="UTF-8"?>
<GenRun Id="impl_1" LaunchPart="xc7a35tcpg236-1" LaunchTime="1708365955">
  <File Type="ROUTE-PWR" Name="lab8_power_routed.rpt"/>
  <File Type="PA-TCL" Name="lab8.tcl"/>
  <File Type="BITSTR-BMM" Name="lab8_bd.bmm"/>
  <File Type="ROUTE-PWR-SUM" Name="lab8_power_summary_routed.pb"/>
  <File Type="REPORTS-TCL" Name="lab8_reports.tcl"/>
  <File Type="OPT-DCP" Name="lab8_opt.dcp"/>
  <File Type="OPT-DRC" Name="lab8_drc_opted.rpt"/>
  <File Type="OPT-HWDEF" Name="lab8.hwdef"/>
  <File Type="PWROPT-DCP" Name="lab8_pwropt.dcp"/>
  <File Type="PLACE-DCP" Name="lab8_placed.dcp"/>
  <File Type="PLACE-IO" Name="lab8_io_placed.rpt"/>
  <File Type="PLACE-UTIL" Name="lab8_utilization_placed.rpt"/>
  <File Type="PLACE-UTIL-PB" Name="lab8_utilization_placed.pb"/>
  <File Type="PLACE-CTRL" Name="lab8_control_sets_placed.rpt"/>
  <File Type="PLACE-PRE-SIMILARITY" Name="lab8_incremental_reuse_pre_placed.rpt"/>
  <File Type="BG-BGN" Name="lab8.bgn"/>
  <File Type="POSTPLACE-PWROPT-DCP" Name="lab8_postplace_pwropt.dcp"/>
  <File Type="BG-BIN" Name="lab8.bin"/>
  <File Type="PHYSOPT-DCP" Name="lab8_physopt.dcp"/>
  <File Type="BITSTR-MSK" Name="lab8.msk"/>
  <File Type="ROUTE-ERROR-DCP" Name="lab8_routed_error.dcp"/>
  <File Type="ROUTE-DCP" Name="lab8_routed.dcp"/>
  <File Type="ROUTE-BLACKBOX-DCP" Name="lab8_routed_bb.dcp"/>
  <File Type="ROUTE-DRC" Name="lab8_drc_routed.rpt"/>
  <File Type="ROUTE-DRC-PB" Name="lab8_drc_routed.pb"/>
  <File Type="ROUTE-DRC-RPX" Name="lab8_drc_routed.rpx"/>
  <File Type="BITSTR-LTX" Name="lab8.ltx"/>
  <File Type="ROUTE-METHODOLOGY-DRC" Name="lab8_methodology_drc_routed.rpt"/>
  <File Type="BITSTR-MMI" Name="lab8.mmi"/>
  <File Type="ROUTE-METHODOLOGY-DRC-RPX" Name="lab8_methodology_drc_routed.rpx"/>
  <File Type="ROUTE-METHODOLOGY-DRC-PB" Name="lab8_methodology_drc_routed.pb"/>
  <File Type="BITSTR-SYSDEF" Name="lab8.sysdef"/>
  <File Type="ROUTE-PWR-RPX" Name="lab8_power_routed.rpx"/>
  <File Type="ROUTE-STATUS" Name="lab8_route_status.rpt"/>
  <File Type="ROUTE-STATUS-PB" Name="lab8_route_status.pb"/>
  <File Type="ROUTE-TIMINGSUMMARY" Name="lab8_timing_summary_routed.rpt"/>
  <File Type="ROUTE-TIMING-PB" Name="lab8_timing_summary_routed.pb"/>
  <File Type="ROUTE-TIMING-RPX" Name="lab8_timing_summary_routed.rpx"/>
  <File Type="ROUTE-CLK" Name="lab8_clock_utilization_routed.rpt"/>
  <File Type="ROUTE-BUS-SKEW" Name="lab8_bus_skew_routed.rpt"/>
  <File Type="ROUTE-BUS-SKEW-PB" Name="lab8_bus_skew_routed.pb"/>
  <File Type="ROUTE-BUS-SKEW-RPX" Name="lab8_bus_skew_routed.rpx"/>
  <File Type="POSTROUTE-PHYSOPT-DCP" Name="lab8_postroute_physopt.dcp"/>
  <File Type="POSTROUTE-PHYSOPT-BLACKBOX-DCP" Name="lab8_postroute_physopt_bb.dcp"/>
  <File Type="BG-BIT" Name="lab8.bit"/>
  <File Type="BITSTR-RBT" Name="lab8.rbt"/>
  <File Type="BITSTR-NKY" Name="lab8.nky"/>
  <File Type="BG-DRC" Name="lab8.drc"/>
  <File Type="RDI-RDI" Name="lab8.vdi"/>
  <File Type="WBT-USG" Name="usage_statistics_webtalk.html"/>
  <FileSet Name="sources" Type="DesignSrcs" RelSrcDir="$PSRCDIR/sources_1">
    <Filter Type="Srcs"/>
    <File Path="$PSRCDIR/sources_1/new/clkdiv.vhd">
      <FileInfo>
        <Attr Name="UsedIn" Val="synthesis"/>
        <Attr Name="UsedIn" Val="simulation"/>
      </FileInfo>
    </File>
    <File Path="$PSRCDIR/sources_1/new/counter.vhd">
      <FileInfo>
        <Attr Name="UsedIn" Val="synthesis"/>
        <Attr Name="UsedIn" Val="simulation"/>
      </FileInfo>
    </File>
    <File Path="$PSRCDIR/sources_1/new/modecontrol.vhd">
      <FileInfo>
        <Attr Name="UsedIn" Val="synthesis"/>
        <Attr Name="UsedIn" Val="simulation"/>
      </FileInfo>
    </File>
    <File Path="$PSRCDIR/sources_1/new/sevseg.vhd">
      <FileInfo>
        <Attr Name="UsedIn" Val="synthesis"/>
        <Attr Name="UsedIn" Val="simulation"/>
      </FileInfo>
    </File>
    <File Path="$PSRCDIR/sources_1/new/Lab8_2.vhd">
      <FileInfo>
        <Attr Name="UsedIn" Val="synthesis"/>
        <Attr Name="UsedIn" Val="simulation"/>
      </FileInfo>
    </File>
    <Config>
      <Option Name="DesignMode" Val="RTL"/>
      <Option Name="TopModule" Val="lab8"/>
      <Option Name="TopAutoSet" Val="TRUE"/>
    </Config>
  </FileSet>
  <FileSet Name="constrs_in" Type="Constrs" RelSrcDir="$PSRCDIR/constrs_1">
    <Filter Type="Constrs"/>
    <File Path="$PSRCDIR/constrs_1/imports/Downloads/Basys3_Master.xdc">
      <FileInfo>
        <Attr Name="ImportPath" Val="$PPRDIR/../../../../Downloads/Basys3_Master.xdc"/>
        <Attr Name="ImportTime" Val="1639684972"/>
        <Attr Name="UsedIn" Val="synthesis"/>
        <Attr Name="UsedIn" Val="implementation"/>
      </FileInfo>
    </File>
    <Config>
      <Option Name="ConstrsType" Val="XDC"/>
    </Config>
  </FileSet>
  <FileSet Name="utils" Type="Utils" RelSrcDir="$PSRCDIR/utils_1">
    <Filter Type="Utils"/>
    <Config>
      <Option Name="TopAutoSet" Val="TRUE"/>
    </Config>
  </FileSet>
  <Strategy Version="1" Minor="2">
    <StratHandle Name="Vivado Implementation Defaults" Flow="Vivado Implementation 2018"/>
    <Step Id="init_design"/>
    <Step Id="opt_design"/>
    <Step Id="power_opt_design"/>
    <Step Id="place_design"/>
    <Step Id="post_place_power_opt_design"/>
    <Step Id="phys_opt_design"/>
    <Step Id="route_design"/>
    <Step Id="post_route_phys_opt_design"/>
    <Step Id="write_bitstream">
      <Option Id="BinFile">1</Option>
    </Step>
  </Strategy>
</GenRun>
